Tract,GEOID,Obesity rate,Highlight
Tract 972.02,36081097202,42.6,Other Queens tracts
Tract 972.05,36081097205,40.7,Other Queens tracts
Tract 972.06,36081097206,39.3,Other Queens tracts
Tract 992,36081099200,37.1,Other Queens tracts
Tract 288.02,36081028802,36.2,Other Queens tracts
Tract 43,36081004300,35.9,Other Queens tracts
Tract 1032.01,36081103201,35.8,Other Queens tracts
Tract 87,36081008700,35.8,Other Queens tracts
Tract 334.04,36081033404,35.4,Other Queens tracts
Tract 399.02,36081039902,35.1,Other Queens tracts
Tract 334.03,36081033403,34.7,Other Queens tracts
Tract 320,36081032000,34.6,Other Queens tracts
Tract 664.03,36081066403,34.6,Other Queens tracts
Tract 278,36081027800,34.5,Other Queens tracts
Tract 184.01,36081018401,34.1,Other Queens tracts
Tract 25,36081002500,33.9,Other Queens tracts
Tract 539.02,36081053902,33.5,Other Queens tracts
Tract 394,36081039400,33.4,Other Queens tracts
Tract 407.01,36081040701,33.4,Other Queens tracts
Tract 254.02,36081025402,33.2,Other Queens tracts
Tract 443.01,36081044301,33.2,Other Queens tracts
Tract 526,36081052600,33.0,Other Queens tracts
Tract 334.01,36081033401,32.9,Other Queens tracts
Meadowmere (Tract 664.01),36081066401,32.8,Meadowmere
Tract 518,36081051800,32.8,Other Queens tracts
Tract 998.01,36081099801,32.7,Other Queens tracts
Tract 522,36081052200,32.7,Other Queens tracts
Tract 1010.04,36081101004,32.5,Other Queens tracts
Tract 276,36081027600,32.4,Other Queens tracts
Tract 1008.03,36081100803,32.3,Other Queens tracts
Tract 528,36081052800,32.3,Other Queens tracts
Tract 524,36081052400,32.2,Other Queens tracts
Tract 413,36081041300,32.2,Other Queens tracts
Tract 280,36081028000,32.1,Other Queens tracts
Tract 532,36081053200,32.1,Other Queens tracts
Tract 282,36081028200,32.0,Other Queens tracts
Tract 260,36081026000,32.0,Other Queens tracts
Tract 384,36081038400,31.8,Other Queens tracts
Tract 294,36081029400,31.8,Other Queens tracts
Tract 954,36081095400,31.7,Other Queens tracts
Tract 690,36081069000,31.7,Other Queens tracts
Tract 654.01,36081065401,31.6,Other Queens tracts
Tract 274,36081027400,31.6,Other Queens tracts
Tract 1227.02,36081122702,31.5,Other Queens tracts
Tract 590,36081059000,31.5,Other Queens tracts
Tract 942.02,36081094202,31.5,Other Queens tracts
Tract 610,36081061000,31.4,Other Queens tracts
Tract 540,36081054000,31.4,Other Queens tracts
Tract 368,36081036800,31.4,Other Queens tracts
Tract 358,36081035800,31.4,Other Queens tracts
Tract 366,36081036600,31.4,Other Queens tracts
Tract 530,36081053000,31.4,Other Queens tracts
Tract 538,36081053800,31.4,Other Queens tracts
Tract 972.04,36081097204,31.3,Other Queens tracts
Tract 592,36081059200,31.2,Other Queens tracts
Tract 414,36081041400,31.2,Other Queens tracts
Tract 273.01,36081027301,31.2,Other Queens tracts
Tract 379,36081037900,31.2,Other Queens tracts
Tract 373,36081037300,31.2,Other Queens tracts
Tract 535.01,36081053501,31.1,Other Queens tracts
Tract 306,36081030600,31.1,Other Queens tracts
Tract 328,36081032800,31.1,Other Queens tracts
Tract 262,36081026200,31.0,Other Queens tracts
Tract 600,36081060000,31.0,Other Queens tracts
Tract 365,36081036500,31.0,Other Queens tracts
Tract 377,36081037700,31.0,Other Queens tracts
Tract 534.01,36081053401,30.9,Other Queens tracts
Tract 184.02,36081018402,30.9,Other Queens tracts
Tract 998.02,36081099802,30.9,Other Queens tracts
Tract 352,36081035200,30.8,Other Queens tracts
Tract 439,36081043900,30.8,Other Queens tracts
Tract 266,36081026600,30.8,Other Queens tracts
Tract 508,36081050800,30.8,Other Queens tracts
Tract 434,36081043400,30.8,Other Queens tracts
Tract 330,36081033000,30.8,Other Queens tracts
Tract 694,36081069400,30.8,Other Queens tracts
Tract 288.01,36081028801,30.8,Other Queens tracts
Tract 596,36081059600,30.7,Other Queens tracts
Tract 790,36081079000,30.7,Other Queens tracts
Tract 626,36081062600,30.7,Other Queens tracts
Tract 403.01,36081040301,30.6,Other Queens tracts
Tract 400,36081040000,30.6,Other Queens tracts
Tract 516,36081051600,30.6,Other Queens tracts
Tract 942.01,36081094201,30.5,Other Queens tracts
Tract 376,36081037600,30.5,Other Queens tracts
Tract 682,36081068200,30.5,Other Queens tracts
Tract 632,36081063200,30.4,Other Queens tracts
Tract 375.01,36081037501,30.4,Other Queens tracts
Tract 208,36081020800,30.4,Other Queens tracts
Tract 618,36081061800,30.3,Other Queens tracts
Tract 598,36081059800,30.3,Other Queens tracts
Tract 440,36081044000,30.3,Other Queens tracts
Tract 381,36081038100,30.2,Other Queens tracts
Tract 424,36081042400,30.2,Other Queens tracts
Tract 404,36081040400,30.2,Other Queens tracts
Tract 196,36081019600,30.1,Other Queens tracts
Tract 788,36081078800,30.0,Other Queens tracts
Tract 512,36081051200,30.0,Other Queens tracts
Tract 792,36081079200,30.0,Other Queens tracts
Tract 264,36081026400,30.0,Other Queens tracts
Tract 964,36081096400,30.0,Other Queens tracts
Tract 6,36081000600,30.0,Other Queens tracts
Tract 680,36081068000,30.0,Other Queens tracts
Tract 24,36081002400,30.0,Other Queens tracts
Tract 446.01,36081044601,30.0,Other Queens tracts
Tract 432,36081043200,30.0,Other Queens tracts
Tract 520,36081052000,29.9,Other Queens tracts
Tract 163,36081016300,29.9,Other Queens tracts
Tract 616.01,36081061601,29.9,Other Queens tracts
Tract 363,36081036300,29.9,Other Queens tracts
Tract 664.02,36081066402,29.9,Other Queens tracts
Tract 402,36081040200,29.9,Other Queens tracts
Tract 401.02,36081040102,29.8,Other Queens tracts
Tract 622,36081062200,29.8,Other Queens tracts
Tract 492.01,36081049201,29.8,Other Queens tracts
Tract 212,36081021200,29.8,Other Queens tracts
Tract 646,36081064600,29.8,Other Queens tracts
Tract 284,36081028400,29.8,Other Queens tracts
Tract 403.02,36081040302,29.7,Other Queens tracts
Tract 206,36081020600,29.7,Other Queens tracts
Tract 411,36081041100,29.7,Other Queens tracts
Tract 650,36081065000,29.7,Other Queens tracts
Tract 85,36081008500,29.6,Other Queens tracts
Tract 846.02,36081084602,29.6,Other Queens tracts
Tract 398,36081039800,29.6,Other Queens tracts
Tract 510,36081051000,29.6,Other Queens tracts
Tract 455,36081045500,29.6,Other Queens tracts
Tract 638,36081063800,29.6,Other Queens tracts
Tract 500,36081050000,29.5,Other Queens tracts
Tract 608,36081060800,29.5,Other Queens tracts
Tract 504,36081050400,29.5,Other Queens tracts
Tract 190,36081019000,29.4,Other Queens tracts
Tract 180,36081018000,29.4,Other Queens tracts
Tract 415,36081041500,29.3,Other Queens tracts
Tract 502.01,36081050201,29.3,Other Queens tracts
Tract 272,36081027200,29.3,Other Queens tracts
Tract 580,36081058000,29.2,Other Queens tracts
Tract 254.01,36081025401,29.2,Other Queens tracts
Tract 614,36081061400,29.2,Other Queens tracts
Tract 334.05,36081033405,29.2,Other Queens tracts
Tract 656,36081065600,29.1,Other Queens tracts
Tract 502.02,36081050202,29.1,Other Queens tracts
Tract 620,36081062000,29.1,Other Queens tracts
Tract 630,36081063000,29.1,Other Queens tracts
Tract 367,36081036700,29.0,Other Queens tracts
Tract 188,36081018800,29.0,Other Queens tracts
Tract 407.02,36081040702,29.0,Other Queens tracts
Tract 582,36081058200,29.0,Other Queens tracts
Tract 273.02,36081027302,28.9,Other Queens tracts
Tract 47,36081004700,28.8,Other Queens tracts
Tract 506,36081050600,28.8,Other Queens tracts
Tract 437.01,36081043701,28.8,Other Queens tracts
Tract 594,36081059400,28.7,Other Queens tracts
Tract 595.02,36081059502,28.7,Other Queens tracts
Tract 612,36081061200,28.7,Other Queens tracts
Tract 938,36081093800,28.7,Other Queens tracts
Tract 202,36081020200,28.6,Other Queens tracts
Tract 186,36081018600,28.6,Other Queens tracts
Tract 616.02,36081061602,28.6,Other Queens tracts
Tract 427,36081042700,28.6,Other Queens tracts
Tract 361,36081036100,28.5,Other Queens tracts
Tract 172,36081017200,28.5,Other Queens tracts
Tract 240,36081024000,28.4,Other Queens tracts
Tract 275,36081027500,28.4,Other Queens tracts
Tract 94,36081009400,28.4,Other Queens tracts
Tract 1567,36081156700,28.4,Other Queens tracts
Tract 409.02,36081040902,28.4,Other Queens tracts
Tract 258,36081025800,28.3,Other Queens tracts
Tract 270,36081027000,28.3,Other Queens tracts
Tract 182,36081018200,28.2,Other Queens tracts
Tract 446.02,36081044602,28.0,Other Queens tracts
Tract 591,36081059100,27.9,Other Queens tracts
Tract 39,36081003900,27.8,Other Queens tracts
Tract 660,36081066000,27.8,Other Queens tracts
Tract 194,36081019400,27.8,Other Queens tracts
Tract 176,36081017600,27.7,Other Queens tracts
Tract 375.02,36081037502,27.6,Other Queens tracts
Tract 531,36081053100,27.6,Other Queens tracts
Tract 568,36081056800,27.6,Other Queens tracts
Tract 178,36081017800,27.6,Other Queens tracts
Tract 1032.02,36081103202,27.5,Other Queens tracts
Tract 589,36081058900,27.4,Other Queens tracts
Tract 405.02,36081040502,27.4,Other Queens tracts
Tract 1008.04,36081100804,27.4,Other Queens tracts
Tract 357,36081035700,27.4,Other Queens tracts
Tract 204,36081020400,27.4,Other Queens tracts
Tract 152,36081015200,27.2,Other Queens tracts
Tract 401.01,36081040101,27.1,Other Queens tracts
Tract 192,36081019200,26.9,Other Queens tracts
Tract 942.03,36081094203,26.9,Other Queens tracts
Tract 198,36081019800,26.9,Other Queens tracts
Tract 32,36081003200,26.9,Other Queens tracts
Tract 559,36081055900,26.9,Other Queens tracts
Tract 164,36081016400,26.8,Other Queens tracts
Tract 271.02,36081027102,26.8,Other Queens tracts
Tract 371,36081037100,26.7,Other Queens tracts
Tract 623,36081062300,26.7,Other Queens tracts
Tract 545,36081054500,26.7,Other Queens tracts
Tract 564,36081056400,26.7,Other Queens tracts
Tract 577,36081057700,26.6,Other Queens tracts
Tract 347,36081034700,26.6,Other Queens tracts
Tract 40.01,36081004001,26.6,Other Queens tracts
Tract 34,36081003400,26.6,Other Queens tracts
Tract 1008.01,36081100801,26.5,Other Queens tracts
Tract 170,36081017000,26.5,Other Queens tracts
Tract 18,36081001800,26.5,Other Queens tracts
Tract 399.01,36081039901,26.5,Other Queens tracts
Tract 814,36081081400,26.4,Other Queens tracts
Tract 465,36081046500,26.4,Other Queens tracts
Tract 493.02,36081049302,26.3,Other Queens tracts
Tract 547,36081054700,26.3,Other Queens tracts
Tract 613.01,36081061301,26.2,Other Queens tracts
Tract 86,36081008600,26.1,Other Queens tracts
Tract 110,36081011000,26.1,Other Queens tracts
Tract 277.01,36081027701,26.1,Other Queens tracts
Tract 22,36081002200,26.0,Other Queens tracts
Tract 4,36081000400,26.0,Other Queens tracts
Tract 1010.02,36081101002,26.0,Other Queens tracts
Tract 253.02,36081025302,26.0,Other Queens tracts
Tract 277.02,36081027702,25.9,Other Queens tracts
Tract 174,36081017400,25.9,Other Queens tracts
Tract 579,36081057900,25.9,Other Queens tracts
Tract 205,36081020500,25.9,Other Queens tracts
Tract 567,36081056700,25.9,Other Queens tracts
Tract 166,36081016600,25.9,Other Queens tracts
Tract 437.02,36081043702,25.8,Other Queens tracts
Tract 339,36081033900,25.7,Other Queens tracts
Tract 555,36081055500,25.7,Other Queens tracts
Tract 216.02,36081021602,25.7,Other Queens tracts
Tract 54,36081005400,25.7,Other Queens tracts
Tract 168,36081016800,25.7,Other Queens tracts
Tract 621,36081062100,25.7,Other Queens tracts
Tract 444,36081044400,25.6,Other Queens tracts
Tract 625,36081062500,25.6,Other Queens tracts
Tract 593,36081059300,25.6,Other Queens tracts
Tract 238,36081023800,25.6,Other Queens tracts
Tract 105,36081010500,25.5,Other Queens tracts
Tract 62.02,36081006202,25.5,Other Queens tracts
Tract 83,36081008300,25.5,Other Queens tracts
Tract 327,36081032700,25.4,Other Queens tracts
Tract 353,36081035300,25.4,Other Queens tracts
Tract 595.01,36081059501,25.3,Other Queens tracts
Tract 627,36081062700,25.3,Other Queens tracts
Tract 818,36081081800,25.3,Other Queens tracts
Tract 925,36081092500,25.3,Other Queens tracts
Tract 126.02,36081012602,25.3,Other Queens tracts
Tract 158.02,36081015802,25.3,Other Queens tracts
Tract 149,36081014900,25.2,Other Queens tracts
Tract 126.01,36081012601,25.2,Other Queens tracts
Tract 947,36081094700,25.2,Other Queens tracts
Tract 513,36081051300,25.2,Other Queens tracts
Tract 28,36081002800,25.2,Other Queens tracts
Tract 2,36081000200,25.2,Other Queens tracts
Tract 565,36081056500,25.2,Other Queens tracts
Tract 142.02,36081014202,25.1,Other Queens tracts
Tract 1227.03,36081122703,25.1,Other Queens tracts
Tract 142.01,36081014201,25.1,Other Queens tracts
Tract 581,36081058100,25.1,Other Queens tracts
Tract 38,36081003800,25.1,Other Queens tracts
Tract 478.01,36081047801,25.1,Other Queens tracts
Tract 838,36081083800,25.1,Other Queens tracts
Tract 619,36081061900,25.1,Other Queens tracts
Tract 864,36081086400,25.1,Other Queens tracts
Tract 16,36081001600,25.1,Other Queens tracts
Tract 269.01,36081026901,25.1,Other Queens tracts
Tract 551,36081055100,25.1,Other Queens tracts
Tract 279,36081027900,25.1,Other Queens tracts
Tract 14,36081001400,25.0,Other Queens tracts
Tract 283,36081028300,25.0,Other Queens tracts
Tract 549,36081054900,25.0,Other Queens tracts
Tract 629,36081062900,25.0,Other Queens tracts
Tract 462,36081046200,25.0,Other Queens tracts
Tract 657.02,36081065702,24.9,Other Queens tracts
Tract 281,36081028100,24.9,Other Queens tracts
Tract 62.01,36081006201,24.8,Other Queens tracts
Tract 633.02,36081063302,24.8,Other Queens tracts
Tract 603,36081060300,24.8,Other Queens tracts
Tract 495,36081049500,24.8,Other Queens tracts
Tract 599,36081059900,24.8,Other Queens tracts
Tract 317,36081031700,24.7,Other Queens tracts
Tract 329,36081032900,24.6,Other Queens tracts
Tract 934.02,36081093402,24.6,Other Queens tracts
Tract 337,36081033700,24.6,Other Queens tracts
Tract 220.01,36081022001,24.5,Other Queens tracts
Tract 116,36081011600,24.5,Other Queens tracts
Tract 719,36081071900,24.5,Other Queens tracts
Tract 98,36081009800,24.5,Other Queens tracts
Tract 601,36081060100,24.5,Other Queens tracts
Tract 309.04,36081030904,24.5,Other Queens tracts
Tract 463,36081046300,24.5,Other Queens tracts
Tract 30,36081003000,24.4,Other Queens tracts
Tract 20,36081002000,24.4,Other Queens tracts
Tract 100,36081010000,24.4,Other Queens tracts
Tract 33.02,36081003302,24.4,Other Queens tracts
Tract 469.02,36081046902,24.3,Other Queens tracts
Tract 88,36081008800,24.3,Other Queens tracts
Tract 525,36081052500,24.3,Other Queens tracts
Tract 511,36081051100,24.3,Other Queens tracts
Tract 517,36081051700,24.3,Other Queens tracts
Tract 637,36081063700,24.3,Other Queens tracts
Tract 779.08,36081077908,24.3,Other Queens tracts
Tract 443.02,36081044302,24.2,Other Queens tracts
Tract 8,36081000800,24.2,Other Queens tracts
Tract 840,36081084000,24.2,Other Queens tracts
Tract 253.01,36081025301,24.2,Other Queens tracts
Tract 134,36081013400,24.2,Other Queens tracts
Tract 542,36081054200,24.2,Other Queens tracts
Tract 552,36081055200,24.1,Other Queens tracts
Tract 566,36081056600,24.1,Other Queens tracts
Tract 161,36081016100,24.1,Other Queens tracts
Tract 58,36081005800,24.1,Other Queens tracts
Tract 130,36081013000,24.1,Other Queens tracts
Tract 557,36081055700,24.1,Other Queens tracts
Tract 12,36081001200,24.1,Other Queens tracts
Tract 351,36081035100,24.1,Other Queens tracts
Tract 679,36081067900,24.1,Other Queens tracts
Tract 521,36081052100,24.1,Other Queens tracts
Tract 10,36081001000,24.0,Other Queens tracts
Tract 1072.01,36081107201,24.0,Other Queens tracts
Tract 484,36081048400,24.0,Other Queens tracts
Tract 114,36081011400,24.0,Other Queens tracts
Tract 124,36081012400,23.9,Other Queens tracts
Tract 496,36081049600,23.9,Other Queens tracts
Tract 667.01,36081066701,23.9,Other Queens tracts
Tract 132,36081013200,23.9,Other Queens tracts
Tract 136,36081013600,23.8,Other Queens tracts
Tract 158.01,36081015801,23.8,Other Queens tracts
Tract 156,36081015600,23.8,Other Queens tracts
Tract 884,36081088400,23.8,Other Queens tracts
Tract 745,36081074500,23.8,Other Queens tracts
Tract 65.01,36081006501,23.7,Other Queens tracts
Tract 102,36081010200,23.7,Other Queens tracts
Tract 583,36081058300,23.7,Other Queens tracts
Tract 493.01,36081049301,23.7,Other Queens tracts
Tract 115,36081011500,23.7,Other Queens tracts
Tract 693,36081069300,23.7,Other Queens tracts
Tract 96,36081009600,23.6,Other Queens tracts
Tract 112,36081011200,23.6,Other Queens tracts
Tract 515,36081051500,23.6,Other Queens tracts
Tract 659,36081065900,23.6,Other Queens tracts
Tract 934.01,36081093401,23.6,Other Queens tracts
Tract 460,36081046000,23.5,Other Queens tracts
Tract 558,36081055800,23.5,Other Queens tracts
Tract 159,36081015900,23.5,Other Queens tracts
Tract 309.05,36081030905,23.5,Other Queens tracts
Tract 492.02,36081049202,23.5,Other Queens tracts
Tract 235.02,36081023502,23.5,Other Queens tracts
Tract 26,36081002600,23.4,Other Queens tracts
Tract 461,36081046100,23.4,Other Queens tracts
Tract 235.01,36081023501,23.4,Other Queens tracts
Tract 585,36081058500,23.4,Other Queens tracts
Tract 106,36081010600,23.3,Other Queens tracts
Tract 104,36081010400,23.3,Other Queens tracts
Tract 553,36081055300,23.2,Other Queens tracts
Tract 144,36081014400,23.2,Other Queens tracts
Tract 466,36081046600,23.2,Other Queens tracts
Tract 143,36081014300,23.2,Other Queens tracts
Tract 138,36081013800,23.1,Other Queens tracts
Tract 482,36081048200,23.1,Other Queens tracts
Tract 181.01,36081018101,23.1,Other Queens tracts
Tract 214,36081021400,23.1,Other Queens tracts
Tract 467,36081046700,23.1,Other Queens tracts
Tract 633.01,36081063301,23.1,Other Queens tracts
Tract 645,36081064500,23.0,Other Queens tracts
Tract 665.01,36081066501,23.0,Other Queens tracts
Tract 145,36081014500,23.0,Other Queens tracts
Tract 635,36081063500,23.0,Other Queens tracts
Tract 919,36081091900,23.0,Other Queens tracts
Tract 287,36081028700,23.0,Other Queens tracts
Tract 147,36081014700,22.9,Other Queens tracts
Tract 641.01,36081064101,22.9,Other Queens tracts
Tract 587,36081058700,22.9,Other Queens tracts
Tract 539.01,36081053901,22.9,Other Queens tracts
Tract 31,36081003100,22.9,Other Queens tracts
Tract 1195,36081119500,22.8,Other Queens tracts
Tract 562,36081056200,22.8,Other Queens tracts
Tract 141,36081014100,22.8,Other Queens tracts
Tract 113,36081011300,22.8,Other Queens tracts
Tract 639,36081063900,22.8,Other Queens tracts
Tract 103,36081010300,22.8,Other Queens tracts
Tract 40.02,36081004002,22.8,Other Queens tracts
Tract 560,36081056000,22.8,Other Queens tracts
Tract 907,36081090700,22.7,Other Queens tracts
Tract 77,36081007700,22.7,Other Queens tracts
Tract 183,36081018300,22.6,Other Queens tracts
Tract 657.03,36081065703,22.6,Other Queens tracts
Tract 128,36081012800,22.6,Other Queens tracts
Tract 480,36081048000,22.6,Other Queens tracts
Tract 150,36081015000,22.6,Other Queens tracts
Tract 154,36081015400,22.6,Other Queens tracts
Tract 153,36081015300,22.5,Other Queens tracts
Tract 122,36081012200,22.5,Other Queens tracts
Tract 111,36081011100,22.5,Other Queens tracts
Tract 108,36081010800,22.5,Other Queens tracts
Tract 669,36081066900,22.5,Other Queens tracts
Tract 489,36081048900,22.5,Other Queens tracts
Tract 57,36081005700,22.5,Other Queens tracts
Tract 151,36081015100,22.5,Other Queens tracts
Tract 775,36081077500,22.5,Other Queens tracts
Tract 695,36081069500,22.4,Other Queens tracts
Tract 285,36081028500,22.4,Other Queens tracts
Tract 945,36081094500,22.4,Other Queens tracts
Tract 846.01,36081084601,22.3,Other Queens tracts
Tract 661,36081066100,22.3,Other Queens tracts
Tract 470,36081047000,22.2,Other Queens tracts
Tract 79,36081007900,22.2,Other Queens tracts
Tract 91,36081009100,22.2,Other Queens tracts
Tract 236,36081023600,22.2,Other Queens tracts
Tract 973,36081097300,22.2,Other Queens tracts
Tract 663.01,36081066301,22.1,Other Queens tracts
Tract 247,36081024700,22.1,Other Queens tracts
Tract 65.02,36081006502,22.1,Other Queens tracts
Tract 101,36081010100,22.1,Other Queens tracts
Tract 119,36081011900,22.0,Other Queens tracts
Tract 245,36081024500,22.0,Other Queens tracts
Tract 185.01,36081018501,22.0,Other Queens tracts
Tract 155,36081015500,22.0,Other Queens tracts
Tract 855,36081085500,22.0,Other Queens tracts
Tract 36,36081003600,22.0,Other Queens tracts
Tract 121,36081012100,22.0,Other Queens tracts
Tract 1163.02,36081116302,21.9,Other Queens tracts
Tract 59,36081005900,21.9,Other Queens tracts
Tract 554,36081055400,21.9,Other Queens tracts
Tract 269.02,36081026902,21.9,Other Queens tracts
Tract 255,36081025500,21.8,Other Queens tracts
Tract 187,36081018700,21.8,Other Queens tracts
Tract 892.01,36081089201,21.8,Other Queens tracts
Tract 987,36081098700,21.8,Other Queens tracts
Tract 118,36081011800,21.8,Other Queens tracts
Tract 189,36081018900,21.7,Other Queens tracts
Tract 849.02,36081084902,21.7,Other Queens tracts
Tract 220.02,36081022002,21.7,Other Queens tracts
Tract 137,36081013700,21.7,Other Queens tracts
Tract 779.07,36081077907,21.7,Other Queens tracts
Tract 52,36081005200,21.7,Other Queens tracts
Tract 677,36081067700,21.7,Other Queens tracts
Tract 140,36081014000,21.7,Other Queens tracts
Tract 271.01,36081027101,21.7,Other Queens tracts
Tract 779.02,36081077902,21.6,Other Queens tracts
Tract 69,36081006900,21.6,Other Queens tracts
Tract 75,36081007500,21.6,Other Queens tracts
Tract 73,36081007300,21.6,Other Queens tracts
Tract 157,36081015700,21.6,Other Queens tracts
Tract 181.02,36081018102,21.6,Other Queens tracts
Tract 1551.03,36081155103,21.6,Other Queens tracts
Tract 169,36081016900,21.6,Other Queens tracts
Tract 135,36081013500,21.5,Other Queens tracts
Tract 468,36081046800,21.5,Other Queens tracts
Tract 1033,36081103300,21.5,Other Queens tracts
Tract 478.02,36081047802,21.5,Other Queens tracts
Tract 929,36081092900,21.5,Other Queens tracts
Tract 179.01,36081017901,21.4,Other Queens tracts
Tract 1257,36081125700,21.4,Other Queens tracts
Tract 1039,36081103900,21.4,Other Queens tracts
Tract 717.01,36081071701,21.4,Other Queens tracts
Tract 257,36081025700,21.4,Other Queens tracts
Tract 1185,36081118500,21.4,Other Queens tracts
Tract 713.05,36081071305,21.4,Other Queens tracts
Tract 497,36081049700,21.4,Other Queens tracts
Tract 507,36081050700,21.4,Other Queens tracts
Tract 779.05,36081077905,21.3,Other Queens tracts
Tract 469.01,36081046901,21.3,Other Queens tracts
Tract 713.06,36081071306,21.3,Other Queens tracts
Tract 295,36081029500,21.2,Other Queens tracts
Tract 743,36081074300,21.2,Other Queens tracts
Tract 1139,36081113900,21.2,Other Queens tracts
Tract 232,36081023200,21.2,Other Queens tracts
Tract 548,36081054800,21.2,Other Queens tracts
Tract 916.03,36081091603,21.2,Other Queens tracts
Tract 928,36081092800,21.2,Other Queens tracts
Tract 117,36081011700,21.2,Other Queens tracts
Tract 125,36081012500,21.2,Other Queens tracts
Tract 448,36081044800,21.2,Other Queens tracts
Tract 251,36081025100,21.1,Other Queens tracts
Tract 991,36081099100,21.1,Other Queens tracts
Tract 42,36081004200,21.0,Other Queens tracts
Tract 773,36081077300,21.0,Other Queens tracts
Tract 81,36081008100,21.0,Other Queens tracts
Tract 1155,36081115500,21.0,Other Queens tracts
Tract 697.01,36081069701,21.0,Other Queens tracts
Tract 297,36081029700,21.0,Other Queens tracts
Tract 309.06,36081030906,20.9,Other Queens tracts
Tract 97,36081009700,20.9,Other Queens tracts
Tract 45,36081004500,20.9,Other Queens tracts
Tract 809,36081080900,20.8,Other Queens tracts
Tract 55,36081005500,20.8,Other Queens tracts
Tract 779.03,36081077903,20.8,Other Queens tracts
Tract 713.03,36081071303,20.7,Other Queens tracts
Tract 799,36081079900,20.7,Other Queens tracts
Tract 1163.01,36081116301,20.7,Other Queens tracts
Tract 845,36081084500,20.7,Other Queens tracts
Tract 687,36081068700,20.7,Other Queens tracts
Tract 7.02,36081000702,20.6,Other Queens tracts
Tract 713.04,36081071304,20.6,Other Queens tracts
Tract 120,36081012000,20.5,Other Queens tracts
Tract 1301,36081130100,20.5,Other Queens tracts
Tract 721,36081072100,20.5,Other Queens tracts
Tract 671,36081067100,20.5,Other Queens tracts
Tract 71,36081007100,20.5,Other Queens tracts
Tract 243,36081024300,20.5,Other Queens tracts
Tract 464,36081046400,20.4,Other Queens tracts
Tract 216.01,36081021601,20.4,Other Queens tracts
Tract 1167,36081116700,20.4,Other Queens tracts
Tract 123.01,36081012301,20.3,Other Queens tracts
Tract 291,36081029100,20.3,Other Queens tracts
Tract 1291.03,36081129103,20.3,Other Queens tracts
Tract 95,36081009500,20.3,Other Queens tracts
Tract 1029,36081102900,20.3,Other Queens tracts
Tract 1017,36081101700,20.3,Other Queens tracts
Tract 779.04,36081077904,20.3,Other Queens tracts
Tract 309.03,36081030903,20.3,Other Queens tracts
Tract 1451.01,36081145101,20.3,Other Queens tracts
Tract 51,36081005100,20.2,Other Queens tracts
Tract 922,36081092200,20.2,Other Queens tracts
Tract 472,36081047200,20.2,Other Queens tracts
Tract 1191,36081119100,20.2,Other Queens tracts
Tract 481,36081048100,20.2,Other Queens tracts
Tract 61,36081006100,20.2,Other Queens tracts
Tract 505,36081050500,20.1,Other Queens tracts
Tract 747,36081074700,20.1,Other Queens tracts
Tract 185.02,36081018502,20.0,Other Queens tracts
Tract 849.01,36081084901,20.0,Other Queens tracts
Tract 997.05,36081099705,20.0,Other Queens tracts
Tract 259,36081025900,20.0,Other Queens tracts
Tract 981,36081098100,20.0,Other Queens tracts
Tract 683,36081068300,20.0,Other Queens tracts
Tract 289,36081028900,19.9,Other Queens tracts
Tract 1123,36081112300,19.9,Other Queens tracts
Tract 1.01,36081000101,19.9,Other Queens tracts
Tract 769.01,36081076901,19.9,Other Queens tracts
Tract 267,36081026700,19.9,Other Queens tracts
Tract 44.01,36081004401,19.9,Other Queens tracts
Tract 1447,36081144700,19.8,Other Queens tracts
Tract 797.02,36081079702,19.8,Other Queens tracts
Tract 53,36081005300,19.8,Other Queens tracts
Tract 1085,36081108500,19.8,Other Queens tracts
Tract 703,36081070300,19.8,Other Queens tracts
Tract 1129,36081112900,19.8,Other Queens tracts
Tract 739,36081073900,19.7,Other Queens tracts
Tract 261,36081026100,19.7,Other Queens tracts
Tract 741,36081074100,19.7,Other Queens tracts
Tract 889.02,36081088902,19.6,Other Queens tracts
Tract 1551.04,36081155104,19.6,Other Queens tracts
Tract 556,36081055600,19.6,Other Queens tracts
Tract 1617,36081161700,19.6,Other Queens tracts
Tract 1417,36081141700,19.6,Other Queens tracts
Tract 1133,36081113300,19.5,Other Queens tracts
Tract 697.02,36081069702,19.5,Other Queens tracts
Tract 1193,36081119300,19.4,Other Queens tracts
Tract 471,36081047100,19.4,Other Queens tracts
Tract 63,36081006300,19.4,Other Queens tracts
Tract 997.01,36081099701,19.3,Other Queens tracts
Tract 452,36081045200,19.3,Other Queens tracts
Tract 459,36081045900,19.3,Other Queens tracts
Tract 757.01,36081075701,19.3,Other Queens tracts
Tract 1621,36081162100,19.3,Other Queens tracts
Tract 737,36081073700,19.3,Other Queens tracts
Tract 939,36081093900,19.2,Other Queens tracts
Tract 729,36081072900,19.2,Other Queens tracts
Tract 7.01,36081000701,19.2,Other Queens tracts
Tract 1199,36081119900,19.1,Other Queens tracts
Tract 863,36081086300,19.1,Other Queens tracts
Tract 476,36081047600,19.1,Other Queens tracts
Tract 857,36081085700,19.0,Other Queens tracts
Tract 483.02,36081048302,19.0,Other Queens tracts
Tract 997.03,36081099703,19.0,Other Queens tracts
Tract 1451.02,36081145102,19.0,Other Queens tracts
Tract 1479,36081147900,19.0,Other Queens tracts
Tract 1467,36081146700,19.0,Other Queens tracts
Tract 1181,36081118100,18.9,Other Queens tracts
Tract 1227.04,36081122704,18.9,Other Queens tracts
Tract 711,36081071100,18.9,Other Queens tracts
Tract 1093,36081109300,18.9,Other Queens tracts
Tract 1333,36081133300,18.8,Other Queens tracts
Tract 769.02,36081076902,18.8,Other Queens tracts
Tract 1291.04,36081129104,18.8,Other Queens tracts
Tract 1097,36081109700,18.8,Other Queens tracts
Tract 1459,36081145900,18.8,Other Queens tracts
Tract 454,36081045400,18.8,Other Queens tracts
Tract 265.01,36081026501,18.8,Other Queens tracts
Tract 1113,36081111300,18.8,Other Queens tracts
Tract 1529.01,36081152901,18.8,Other Queens tracts
Tract 1291.02,36081129102,18.7,Other Queens tracts
Tract 263,36081026300,18.7,Other Queens tracts
Tract 997.04,36081099704,18.7,Other Queens tracts
Tract 717.02,36081071702,18.7,Other Queens tracts
Tract 479,36081047900,18.6,Other Queens tracts
Tract 499,36081049900,18.6,Other Queens tracts
Tract 1429,36081142900,18.6,Other Queens tracts
Tract 1277,36081127700,18.6,Other Queens tracts
Tract 249,36081024900,18.6,Other Queens tracts
Tract 1171,36081117100,18.6,Other Queens tracts
Tract 1187,36081118700,18.5,Other Queens tracts
Tract 1463,36081146300,18.5,Other Queens tracts
Tract 1403,36081140300,18.5,Other Queens tracts
Tract 1347.01,36081134701,18.5,Other Queens tracts
Tract 757.02,36081075702,18.5,Other Queens tracts
Tract 450,36081045000,18.5,Other Queens tracts
Tract 889.03,36081088903,18.5,Other Queens tracts
Tract 861,36081086100,18.4,Other Queens tracts
Tract 1047,36081104700,18.3,Other Queens tracts
Tract 779.06,36081077906,18.3,Other Queens tracts
Tract 1579.01,36081157901,18.2,Other Queens tracts
Tract 1141,36081114100,18.2,Other Queens tracts
Tract 1059,36081105900,18.2,Other Queens tracts
Tract 709,36081070900,18.1,Other Queens tracts
Tract 707,36081070700,18.1,Other Queens tracts
Tract 1099,36081109900,18.1,Other Queens tracts
Tract 1203,36081120300,18.1,Other Queens tracts
Tract 230,36081023000,18.0,Other Queens tracts
Tract 1175,36081117500,18.0,Other Queens tracts
Tract 871,36081087100,18.0,Other Queens tracts
Tract 731,36081073100,17.9,Other Queens tracts
Tract 1471,36081147100,17.9,Other Queens tracts
Tract 1347.02,36081134702,17.9,Other Queens tracts
Tract 456,36081045600,17.9,Other Queens tracts
Tract 1161,36081116100,17.9,Other Queens tracts
Tract 1507.01,36081150701,17.8,Other Queens tracts
Tract 1.02,36081000102,17.8,Other Queens tracts
Tract 1207.01,36081120701,17.8,Other Queens tracts
Tract 749,36081074900,17.8,Other Queens tracts
Tract 1377,36081137700,17.7,Other Queens tracts
Tract 1147,36081114700,17.7,Other Queens tracts
Tract 1265,36081126500,17.7,Other Queens tracts
Tract 265.02,36081026502,17.7,Other Queens tracts
Tract 293,36081029300,17.7,Other Queens tracts
Tract 458,36081045800,17.7,Other Queens tracts
Tract 485,36081048500,17.7,Other Queens tracts
Tract 1241,36081124100,17.7,Other Queens tracts
Tract 475,36081047500,17.6,Other Queens tracts
Tract 1339,36081133900,17.6,Other Queens tracts
Tract 1215,36081121500,17.6,Other Queens tracts
Tract 1409.01,36081140901,17.5,Other Queens tracts
Tract 1159,36081115900,17.5,Other Queens tracts
Tract 1223,36081122300,17.5,Other Queens tracts
Tract 483.01,36081048301,17.4,Other Queens tracts
Tract 859,36081085900,17.4,Other Queens tracts
Tract 1571.01,36081157101,17.4,Other Queens tracts
Tract 803.01,36081080301,17.4,Other Queens tracts
Tract 1247,36081124700,17.3,Other Queens tracts
Tract 1483,36081148300,17.3,Other Queens tracts
Tract 1409.02,36081140902,17.3,Other Queens tracts
Tract 1579.03,36081157903,17.3,Other Queens tracts
Tract 1529.02,36081152902,17.3,Other Queens tracts
Tract 869,36081086900,17.3,Other Queens tracts
Tract 457,36081045700,17.2,Other Queens tracts
Tract 1341,36081134100,17.1,Other Queens tracts
Tract 803.02,36081080302,17.0,Other Queens tracts
Tract 1507.02,36081150702,17.0,Other Queens tracts
Tract 1151,36081115100,16.8,Other Queens tracts
Tract 1579.02,36081157902,16.8,Other Queens tracts
Tract 723,36081072300,16.8,Other Queens tracts
Tract 19.01,36081001901,16.8,Other Queens tracts
Tract 1201,36081120100,16.7,Other Queens tracts
Tract 1441,36081144100,16.7,Other Queens tracts
Tract 797.01,36081079701,16.7,Other Queens tracts
Tract 1205,36081120500,16.6,Other Queens tracts
Tract 1157,36081115700,16.6,Other Queens tracts
Tract 1571.02,36081157102,16.5,Other Queens tracts
Tract 1267,36081126700,16.5,Other Queens tracts
Tract 865,36081086500,16.5,Other Queens tracts
Tract 473,36081047300,16.4,Other Queens tracts
Tract 1435,36081143500,16.3,Other Queens tracts
Tract 1367,36081136700,16.3,Other Queens tracts
Tract 853,36081085300,16.2,Other Queens tracts
Tract 33.01,36081003301,16.0,Other Queens tracts
Tract 19.03,36081001903,15.8,Other Queens tracts
Tract 1385.01,36081138501,15.8,Other Queens tracts
Tract 1399,36081139900,15.5,Other Queens tracts
Tract 1189,36081118900,15.4,Other Queens tracts
Tract 1551.01,36081155101,15.2,Other Queens tracts
Tract 837,36081083700,14.9,Other Queens tracts
Tract 19.02,36081001902,14.3,Other Queens tracts
